{
  "New Ferens Park" : [
    54.78838640000001,
    -1.5424559
  ],
  "Slimbridge AFC" : [
    51.7249136,
    -2.3616474
  ],
  "Halesowen Town FC" : [
    52.4356398,
    -2.0263432
  ],
  "Gosport Borough FC" : [
    50.7955193,
    -1.1557853
  ],
  "Meadow Lane Stad." : [
    52.9426375,
    -1.1371598
  ],
  "Millwall Football Club" : [
    51.504996,
    -0.04217390000000001
  ],
  "Nuneaton Town FC" : [
    52.47640329999999,
    -1.4716596
  ],
  "Keepmoat Stadium" : [
    53.5096165,
    -1.1136103
  ],
  "Sussex FA" : [
    50.8293151,
    -0.3227937
  ],
  "Select Security Stadium" : [
    53.3664485,
    -2.7372894
  ],
  "Wellbeing Park" : [
    52.8941392,
    -2.1896152
  ],
  "Farnborough FC" : [
    51.30966900000001,
    -0.763346
  ],
  "Cheshunt FC" : [
    51.69492830000001,
    -0.0410457
  ],
  "Boreham Wood FC" : [
    51.6619215,
    -0.2723574
  ],
  "Staines Town FC" : [
    51.4201183,
    -0.5011331999999999
  ],
  "Solihull Moors FC" : [
    52.4366694,
    -1.7534895
  ],
  "The Hive" : [
    51.602593,
    -0.290677
  ],
  "CCB Centre for Sporting Excellence" : [
    51.6333348,
    -3.2357471
  ],
  "Elburton Villa FC" : [
    50.363456,
    -4.0682393
  ],
  "Sporting Club Thamesmead" : [
    51.53393730000001,
    0.1337803
  ],
  "Tavistock Community College 3G" : [
    50.5392629,
    -4.1527891
  ],
  "Loughborough University Football Stadium" : [
    52.794977,
    -1.1683202
  ],
  "Uxbridge FC" : [
    51.5130764,
    -0.4554885
  ],
  "Academy Stadium" : [
    53.4840306,
    -2.2033489
  ],
  "Thackley AFC" : [
    53.8462128,
    -1.7341359
  ],
  "Borrowash Victoria" : [
    52.9097239,
    -1.3806059
  ],
  "Berkhamsted FC" : [
    51.7170679,
    -0.5335322
  ],
  "Sherborne Town FC" : [
    52.27781450000001,
    -1.616224
  ],
  "Sutton Coldfield Central Ground" : [
    52.6086993,
    -1.7634036
  ],
  "Canvey Island FC" : [
    51.5177494,
    0.6157119999999999
  ],
  "Hetton Centre" : [
    54.8225142,
    -1.4543191
  ],
  "Basford United FC #1" : [
    52.98941250000001,
    -1.1891702
  ],
  "Shelley FC" : [
    53.69159200000001,
    -1.7100332
  ],
  "The Oval" : [
    52.47640329999999,
    -1.4716596
  ],
  "AFC Hornchurch" : [
    51.5580729,
    0.2406801
  ],
  "Bamber Bridge FC" : [
    53.7719021,
    -2.6895888
  ],
  "Guiseley AFC" : [
    53.8767499,
    -1.7179361
  ],
  "The WEC" : [
    53.7110212,
    -2.4755231
  ],
  "Stoke Gifford Stadium" : [
    51.512632,
    -2.5569284
  ],
  "Lewes FC" : [
    50.8663968,
    -0.0003465
  ],
  "Sport Northumbria" : [
    54.9714949,
    -1.6025438
  ]
}
